<?xml version="1.0" encoding="UTF-8" standalone="no"?>
<featureModel>
	<properties>
		<graphics key="legendposition" value="445,21"/>
		<graphics key="legendautolayout" value="false"/>
		<graphics key="showshortnames" value="false"/>
		<graphics key="layout" value="vertical"/>
		<graphics key="showcollapsedconstraints" value="true"/>
		<graphics key="legendhidden" value="false"/>
		<graphics key="layoutalgorithm" value="4"/>
	</properties>
	<struct>
		<and abstract="true" mandatory="true" name="MigracaoMS">
			<and abstract="true" name="Escalabilidade">
				<feature abstract="true" name="Disponibilidade"/>
			</and>
			<and abstract="true" name="Manutenibilidade">
				<feature abstract="true" name="Testabilidade"/>
			</and>
			<and abstract="true" name="Facilidades_Implantação">
				<graphics key="collapsed" value="false"/>
				<feature abstract="true" name="Implantação_Independente"/>
			</and>
			<and abstract="true" name="Performance">
				<feature abstract="true" name="Alta_Concorrencia"/>
			</and>
			<feature abstract="true" name="Segurança"/>
			<and abstract="true" name="Modularidade">
				<feature abstract="true" name="Alta_Coesão"/>
				<feature abstract="true" name="Baixo_Acoplamento"/>
			</and>
			<and abstract="true" name="Agilidade">
				<feature abstract="true" name="Redução_Custos"/>
			</and>
		</and>
	</struct>
	<constraints>
		<rule>
			<imp>
				<conj>
					<var>Alta_Coesão</var>
					<var>Baixo_Acoplamento</var>
				</conj>
				<var>Escalabilidade</var>
			</imp>
		</rule>
		<rule>
			<imp>
				<conj>
					<var>Alta_Coesão</var>
					<var>Baixo_Acoplamento</var>
				</conj>
				<var>Implantação_Independente</var>
			</imp>
		</rule>
		<rule>
			<imp>
				<conj>
					<var>Alta_Coesão</var>
					<var>Baixo_Acoplamento</var>
				</conj>
				<var>Redução_Custos</var>
			</imp>
		</rule>
		<rule>
			<imp>
				<var>Testabilidade</var>
				<var>Performance</var>
			</imp>
		</rule>
		<rule>
			<imp>
				<var>Testabilidade</var>
				<var>Disponibilidade</var>
			</imp>
		</rule>
		<rule>
			<imp>
				<var>Testabilidade</var>
				<var>Segurança</var>
			</imp>
		</rule>
	</constraints>
</featureModel>
