<?xml version="1.0" encoding="UTF-8" standalone="no"?>
<featureModel>
	<properties>
		<graphics key="legendposition" value="812,438"/>
		<graphics key="legendautolayout" value="false"/>
		<graphics key="showshortnames" value="false"/>
		<graphics key="layout" value="vertical"/>
		<graphics key="showcollapsedconstraints" value="true"/>
		<graphics key="legendhidden" value="false"/>
		<graphics key="layoutalgorithm" value="6"/>
	</properties>
	<struct>
		<and abstract="true" mandatory="true" name="MigracaoMS">
			<and abstract="true" name="Escalabilidade">
				<feature abstract="true" name="Disponibilidade"/>
				<feature abstract="true" name="Replicabilidade"/>
				<feature abstract="true" name="Distributividade"/>
				<feature abstract="true" name="Elasticidade"/>
			</and>
			<and abstract="true" name="Manutenibilidade">
				<feature abstract="true" name="Compreensibilidade"/>
				<and abstract="true" name="Evolucionalidade">
					<and abstract="true" name="Inovacao">
						<feature abstract="true" name="Inovacao_Rapida"/>
					</and>
					<feature abstract="true" name="Flexibilidade_de_Tecnologia"/>
				</and>
				<feature abstract="true" name="Independencia_de_Times"/>
				<feature abstract="true" name="Integracao_Continua"/>
				<feature abstract="true" name="Rastreabilidade"/>
				<feature abstract="true" name="Desenvolvimento_Menos_Complexo"/>
				<feature abstract="true" name="Times_Menos_Complexos"/>
				<feature abstract="true" name="Times_Menores"/>
				<feature abstract="true" name="Testabilidade"/>
			</and>
			<and abstract="true" name="Independencia">
				<graphics key="collapsed" value="false"/>
				<feature abstract="true" name="Autonomia"/>
				<feature abstract="true" name="Evolucao_Independente"/>
				<feature abstract="true" name="Independencia_de_Gerencia"/>
				<feature abstract="true" name="Independencia_do_Ciiclo_de_Vida"/>
				<feature abstract="true" name="Independencia_dos_Servicos"/>
			</and>
		</and>
	</struct>
</featureModel>
