<?xml version="1.0" encoding="UTF-8" standalone="no"?>
<configuration>
	<feature name="MigracaoMS"/>
	<feature name="Escalabilidade"/>
	<feature name="Disponibilidade"/>
	<feature name="Replicabilidade"/>
	<feature name="Distributividade"/>
	<feature name="Elasticidade"/>
	<feature name="Manutenibilidade"/>
	<feature name="Compreensibilidade"/>
	<feature name="Evolucionalidade"/>
	<feature name="Inovacao"/>
	<feature name="Inovacao_Rapida"/>
	<feature name="Flexibilidade_de_Tecnologia"/>
	<feature name="Independencia_de_Times"/>
	<feature name="Integracao_Continua"/>
	<feature name="Rastreabilidade"/>
	<feature name="Desenvolvimento_Menos_Complexo"/>
	<feature name="Times_Menos_Complexos"/>
	<feature name="Times_Menores"/>
	<feature name="Testabilidade"/>
	<feature name="Independencia"/>
	<feature name="Autonomia"/>
	<feature name="Evolucao_Independente"/>
	<feature name="Independencia_de_Gerencia"/>
	<feature name="Independencia_do_Ciiclo_de_Vida"/>
	<feature name="Independencia_dos_Servicos"/>
</configuration>
